HJEFJLEHJIM	PLGJILBLOIP	group_id	APGDLLPCHDI
"AI_Normal"	1	1	TRUE
"Fairy_Normal"	1	100	TRUE
"Fairy_Normal"	1	101	TRUE
"UI/Sprite/A1DynamicLoad/IconNewsBubbleSmall/UnPacker/IconVoiceOnly1.png"	1	102	TRUE
"UI/Sprite/A1DynamicLoad/IconNewsBubbleSmall/UnPacker/IconVoiceOnly2.png"	1	103	TRUE
"UI/Sprite/A1DynamicLoad/IconNewsBubbleSmall/UnPacker/IconVoiceOnly3.png"	1	104	TRUE
"Fairy_Normal"	1	105	TRUE
"Fairy_Normal"	1	110	TRUE
"Fairy_Normal"	1	111	TRUE
"Fairy_Normal"	1	112	TRUE
"FairyUrgent"	1	113	TRUE
"none.png"	99	114	TRUE
"Fairy_Normal"	1	115	TRUE
"UI/Sprite/A1DynamicLoad/IconNewsBubbleSmall/UnPacker/IconVoiceOnly2.png"	1	116	TRUE
"AI_Normal"	1	200	TRUE
"AI_Normal"	1	201	TRUE
"AI_Normal"	1	202	TRUE
"UI/Sprite/A1DynamicLoad/IconNewsBubbleSmall/UnPacker/IconFairyAi.png"	1	203	TRUE
"UI/Sprite/A1DynamicLoad/IconNewsBubbleSmall/UnPacker/IconFairyAi.png"	1	204	TRUE
"UI/Sprite/A1DynamicLoad/IconNewsBubbleSmall/UnPacker/IconFairyAi.png"	1	205	TRUE
"UI/Sprite/A1DynamicLoad/IconNewsBubbleSmall/UnPacker/IconFairyAi.png"	1	206	TRUE
"UI/Sprite/A1DynamicLoad/IconNewsBubbleSmall/UnPacker/IconFairyAi.png"	1	207	TRUE
"UI/Sprite/A1DynamicLoad/IconNewsBubbleSmall/UnPacker/IconFairyAi.png"	1	208	TRUE
"UI/Sprite/A1DynamicLoad/IconNewsBubbleSmall/UnPacker/IconFairyAi.png"	1	209	TRUE
"UI/Sprite/A1DynamicLoad/IconNewsBubbleSmall/UnPacker/IconFairyWarning.png"	1	299	TRUE
"UI/Sprite/A1DynamicLoad/IconNewsBubbleSmall/UnPacker/IconAttack.png"	1	300	TRUE
"UI/Sprite/A1DynamicLoad/IconNewsBubbleSmall/UnPacker/IconConversation.png"	1	310	TRUE
"UI/Sprite/A1DynamicLoad/IconNewsBubbleSmall/UnPacker/IconDefense.png"	1	320	TRUE
"UI/Sprite/A1DynamicLoad/IconNewsBubbleSmall/UnPacker/IconMove.png"	1	330	TRUE
"UI/Sprite/A1DynamicLoad/IconNewsBubbleSmall/UnPacker/IconSearch.png"	1	340	TRUE
"UI/Sprite/A1DynamicLoad/IconNewsBubbleSmall/UnPacker/IconCoins.png"	1	350	TRUE
"UI/Sprite/A1DynamicLoad/IconNewsBubbleSmall/UnPacker/IconDiny.png"	1	360	TRUE
"UI/Sprite/A1DynamicLoad/IconNewsBubbleSmall/UnPacker/IconTime.png"	1	370	TRUE
"UI/Sprite/A1DynamicLoad/IconNewsBubbleSmall/UnPacker/IconMapMessage.png"	1	380	TRUE
"UI/Sprite/A1DynamicLoad/IconRoleCircle/UnPacker/IconNPCCircle2028.png"	1	1000	TRUE
"UI/Sprite/A1DynamicLoad/IconRoleCircle/UnPacker/IconNPCCircle2028.png"	1	1001	TRUE
"UI/Sprite/A1DynamicLoad/IconRoleCircle/UnPacker/IconCircleEmpty.png"	1	1002	TRUE
"UI/Sprite/A1DynamicLoad/IconRoleCircle/UnPacker/IconRoleCircle01.png"	1	1011	TRUE
"UI/Sprite/A1DynamicLoad/IconRoleCircle/UnPacker/IconRoleCircle11.png"	1	1021	TRUE
"UI/Sprite/A1DynamicLoad/IconRoleCircle/UnPacker/IconRoleCircle12.png"	2	1031	TRUE
"UI/Sprite/A1DynamicLoad/IconRoleCircle/UnPacker/IconRoleCircle05.png"	1	1041	TRUE
"UI/Sprite/A1DynamicLoad/IconRoleCircle/UnPacker/IconRoleCircle09.png"	1	1061	TRUE
"UI/Sprite/A1DynamicLoad/IconRoleCircle/UnPacker/IconRoleCircle25.png"	1	1071	TRUE
"UI/Sprite/A1DynamicLoad/IconRoleCircle/UnPacker/IconRoleCircle10.png"	1	1081	TRUE
"UI/Sprite/A1DynamicLoad/IconRoleCircle/UnPacker/IconRoleCircle13.png"	1	1091	TRUE
"UI/Sprite/A1DynamicLoad/IconRoleCircle/UnPacker/IconRoleCircle14.png"	1	1101	TRUE
"UI/Sprite/A1DynamicLoad/IconRoleCircle/UnPacker/IconRoleCircle15.png"	1	1111	TRUE
"UI/Sprite/A1DynamicLoad/IconRoleCircle/UnPacker/IconRoleCircle16.png"	1	1121	TRUE
"UI/Sprite/A1DynamicLoad/IconRoleCircle/UnPacker/IconRoleCircle17.png"	1	1131	TRUE
"UI/Sprite/A1DynamicLoad/IconRoleCircle/UnPacker/IconRoleCircle18.png"	1	1141	TRUE
"UI/Sprite/A1DynamicLoad/IconRoleCircle/UnPacker/IconRoleCircle27.png"	1	1151	TRUE
"UI/Sprite/A1DynamicLoad/IconRoleCircle/UnPacker/IconRoleCircle26.png"	1	1161	TRUE
"UI/Sprite/A1DynamicLoad/IconRoleCircle/UnPacker/IconRoleCircle32.png"	1	1171	TRUE
"UI/Sprite/A1DynamicLoad/IconRoleCircle/UnPacker/IconRoleCircle20.png"	1	1181	TRUE
"UI/Sprite/A1DynamicLoad/IconRoleCircle/UnPacker/IconRoleCircle21.png"	1	1191	TRUE
"UI/Sprite/A1DynamicLoad/IconRoleCircle/UnPacker/IconRoleCircle35.png"	1	1201	TRUE
"UI/Sprite/A1DynamicLoad/IconRoleCircle/UnPacker/IconRoleCircle22.png"	1	1211	TRUE
"UI/Sprite/A1DynamicLoad/IconRoleCircle/UnPacker/IconRoleCircle31.png"	1	1221	TRUE
"UI/Sprite/A1DynamicLoad/IconRoleCircle/UnPacker/IconRoleCircle23.png"	1	1241	TRUE
"UI/Sprite/A1DynamicLoad/IconRoleCircle/UnPacker/IconRoleCircle29.png"	1	1251	TRUE
"UI/Sprite/A1DynamicLoad/IconRoleCircle/UnPacker/IconRoleCircle24.png"	1	1261	TRUE
"UI/Sprite/A1DynamicLoad/IconRoleCircle/UnPacker/IconRoleCircle30.png"	1	1271	TRUE
"UI/Sprite/A1DynamicLoad/IconRoleCircle/UnPacker/IconRoleCircle28.png"	1	1281	TRUE
"UI/Sprite/A1DynamicLoad/IconRoleCircle/UnPacker/IconRoleCircle42.png"	1	1291	TRUE
"UI/Sprite/A1DynamicLoad/IconRoleCircle/UnPacker/IconRoleCircle36.png"	1	1311	TRUE
"UI/Sprite/A1DynamicLoad/IconRoleCircle/UnPacker/IconRoleCircle37.png"	1	1312	TRUE
"UI/Sprite/A1DynamicLoad/IconRoleCircle/UnPacker/IconRoleCircle41.png"	1	1331	TRUE
"UI/Sprite/A1DynamicLoad/IconRoleCircle/UnPacker/IconRoleCircle38.png"	1	1351	TRUE
"UI/Sprite/A1DynamicLoad/IconRoleCircle/UnPacker/IconRoleCircle39.png"	1	1361	TRUE
"UI/Sprite/A1DynamicLoad/IconRoleCircle/UnPacker/IconRoleCircle44.png"	1	1371	TRUE
"UI/Sprite/A1DynamicLoad/IconRoleCircle/UnPacker/IconRoleCircle40.png"	1	1381	TRUE
"UI/Sprite/A1DynamicLoad/IconRoleCircle/UnPacker/IconRoleCircle43.png"	1	1391	TRUE
"UI/Sprite/A1DynamicLoad/IconRoleCircle/UnPacker/IconRoleCircle46.png"	1	1401	TRUE
"UI/Sprite/A1DynamicLoad/IconRoleCircle/UnPacker/IconRoleCircle46_01.png"	1	1402	TRUE
"UI/Sprite/A1DynamicLoad/IconRoleCircle/UnPacker/IconRoleCircle47.png"	1	1411	TRUE
"UI/Sprite/A1DynamicLoad/IconRoleCircle/UnPacker/IconRoleCircle47.png"	1	1412	TRUE
"UI/Sprite/A1DynamicLoad/IconRoleCircle/UnPacker/IconRoleCircle47_01.png"	1	1413	TRUE
"UI/Sprite/A1DynamicLoad/IconRoleCircle/UnPacker/IconRoleCircle45.png"	1	1421	TRUE
"UI/Sprite/A1DynamicLoad/IconRoleCircle/UnPacker/IconNPCCircle2004.png"	1	2004	TRUE
"UI/Sprite/A1DynamicLoad/IconRoleCircle/UnPacker/IconNPCCircle2027.png"	1	2011	TRUE
"UI/Sprite/A1DynamicLoad/IconRoleCircle/UnPacker/IconNPCCircle2027.png"	1	2012	TRUE
"UI/Sprite/A1DynamicLoad/IconRoleCircle/UnPacker/IconNPCCircle2015.png"	1	2021	TRUE
"UI/Sprite/A1DynamicLoad/IconRoleCircle/UnPacker/IconNPCCircle2015.png"	1	2022	TRUE
"UI/Sprite/A1DynamicLoad/IconRoleCircle/UnPacker/IconNPCCircle30112.png"	1	2023	TRUE
"UI/Sprite/A1DynamicLoad/IconRoleCircle/UnPacker/IconNPCCircle30030.png"	1	2024	TRUE
"UI/Sprite/A1DynamicLoad/IconRoleCircle/UnPacker/IconNPCCircle30155.png"	1	10910	TRUE
"UI/Sprite/A1DynamicLoad/IconRoleCircle/UnPacker/IconNPCCircle11162.png"	1	11162	TRUE
"UI/Sprite/A1DynamicLoad/IconRoleCircle/UnPacker/IconNPCCircle30156.png"	1	11310	TRUE
"UI/Sprite/A1DynamicLoad/IconRoleCircle/UnPacker/IconNPCCircle30154.png"	1	12010	TRUE
"UI/Sprite/A1DynamicLoad/IconRoleCircle/UnPacker/IconNPCCircle30003.png"	1	30003	TRUE
"UI/Sprite/A1DynamicLoad/IconRoleCircle/UnPacker/IconNPCCircle30007.png"	1	30007	TRUE
"UI/Sprite/A1DynamicLoad/IconRoleCircle/UnPacker/IconNPCCircle30010.png"	1	30010	TRUE
"UI/Sprite/A1DynamicLoad/IconRoleCircle/UnPacker/IconNPCCircle30012.png"	1	30012	TRUE
"UI/Sprite/A1DynamicLoad/IconRoleCircle/UnPacker/IconNPCCircle30015.png"	1	30015	TRUE
"UI/Sprite/A1DynamicLoad/IconRoleCircle/UnPacker/IconNPCCircle30032.png"	1	30032	TRUE
"UI/Sprite/A1DynamicLoad/IconRoleCircle/UnPacker/IconNPCCircle30033.png"	1	30033	TRUE
"UI/Sprite/A1DynamicLoad/IconRoleCircle/UnPacker/IconNPCCircle30035.png"	1	30035	TRUE
"UI/Sprite/A1DynamicLoad/IconRoleCircle/UnPacker/IconNPCCircle30037.png"	1	30037	TRUE
"UI/Sprite/A1DynamicLoad/IconRoleCircle/UnPacker/IconNPCCircle30039.png"	1	30039	TRUE
"UI/Sprite/A1DynamicLoad/IconRoleCircle/UnPacker/IconNPCCircle30040.png"	1	30040	TRUE
"UI/Sprite/A1DynamicLoad/IconRoleCircle/UnPacker/IconNPCCircle30041.png"	1	30041	TRUE
"UI/Sprite/A1DynamicLoad/IconRoleCircle/UnPacker/IconNPCCircle30044.png"	1	30044	TRUE
"UI/Sprite/A1DynamicLoad/IconRoleCircle/UnPacker/IconNPCCircle30045.png"	1	30045	TRUE
"UI/Sprite/A1DynamicLoad/IconRoleCircle/UnPacker/IconNPCCircle30046.png"	1	30046	TRUE
"UI/Sprite/A1DynamicLoad/IconRoleCircle/UnPacker/IconNPCCircle30047.png"	1	30047	TRUE
"UI/Sprite/A1DynamicLoad/IconRoleCircle/UnPacker/IconNPCCircle30048.png"	1	30048	TRUE
"UI/Sprite/A1DynamicLoad/IconRoleCircle/UnPacker/IconNPCCircle30050.png"	1	30050	TRUE
"UI/Sprite/A1DynamicLoad/IconRoleCircle/UnPacker/IconNPCCircle30052.png"	1	30052	TRUE
"UI/Sprite/A1DynamicLoad/IconRoleCircle/UnPacker/IconNPCCircle30053.png"	1	30053	TRUE
"UI/Sprite/A1DynamicLoad/IconRoleCircle/UnPacker/IconNPCCircle30054.png"	1	30054	TRUE
"UI/Sprite/A1DynamicLoad/IconRoleCircle/UnPacker/IconNPCCircle30055.png"	1	30055	TRUE
"UI/Sprite/A1DynamicLoad/IconRoleCircle/UnPacker/IconNPCCircle30056.png"	1	30056	TRUE
"UI/Sprite/A1DynamicLoad/IconRoleCircle/UnPacker/IconNPCCircle30057.png"	1	30057	TRUE
"UI/Sprite/A1DynamicLoad/IconRoleCircle/UnPacker/IconNPCCircle30058.png"	1	30058	TRUE
"UI/Sprite/A1DynamicLoad/IconRoleCircle/UnPacker/IconNPCCircle30059.png"	1	30059	TRUE
"UI/Sprite/A1DynamicLoad/IconRoleCircle/UnPacker/IconNPCCircle30060.png"	1	30060	TRUE
"UI/Sprite/A1DynamicLoad/IconRoleCircle/UnPacker/IconNPCCircle30061.png"	1	30061	TRUE
"UI/Sprite/A1DynamicLoad/IconRoleCircle/UnPacker/IconNPCCircle30062.png"	1	30062	TRUE
"UI/Sprite/A1DynamicLoad/IconRoleCircle/UnPacker/IconNPCCircle30063.png"	1	30063	TRUE
"UI/Sprite/A1DynamicLoad/IconRoleCircle/UnPacker/IconNPCCircle30064.png"	1	30064	TRUE
"UI/Sprite/A1DynamicLoad/IconRoleCircle/UnPacker/IconNPCCircle30065.png"	1	30065	TRUE
"UI/Sprite/A1DynamicLoad/IconRoleCircle/UnPacker/IconNPCCircle30066.png"	1	30066	TRUE
"UI/Sprite/A1DynamicLoad/IconRoleCircle/UnPacker/IconNPCCircle30067.png"	1	30067	TRUE
"UI/Sprite/A1DynamicLoad/IconRoleCircle/UnPacker/IconNPCCircle30068.png"	1	30068	TRUE
"UI/Sprite/A1DynamicLoad/IconRoleCircle/UnPacker/IconNPCCircle30069.png"	1	30069	TRUE
"UI/Sprite/A1DynamicLoad/IconRoleCircle/UnPacker/IconNPCCircle30070.png"	1	30070	TRUE
"UI/Sprite/A1DynamicLoad/IconRoleCircle/UnPacker/IconNPCCircle30071.png"	1	30071	TRUE
"UI/Sprite/A1DynamicLoad/IconRoleCircle/UnPacker/IconNPCCircle30072.png"	1	30072	TRUE
"UI/Sprite/A1DynamicLoad/IconRoleCircle/UnPacker/IconNPCCircle30019.png"	1	30073	TRUE
"UI/Sprite/A1DynamicLoad/IconRoleCircle/UnPacker/IconNPCCircle30073.png"	1	30074	TRUE
"UI/Sprite/A1DynamicLoad/IconRoleCircle/UnPacker/IconNPCCircle2065.png"	1	30075	TRUE
"UI/Sprite/A1DynamicLoad/IconRoleCircle/UnPacker/IconNPCCircle30078.png"	1	30078	TRUE
"UI/Sprite/A1DynamicLoad/IconRoleCircle/UnPacker/IconNPCCircle30079.png"	1	30079	TRUE
"UI/Sprite/A1DynamicLoad/IconRoleCircle/UnPacker/IconNPCCircle30080.png"	1	30080	TRUE
"UI/Sprite/A1DynamicLoad/IconRoleCircle/UnPacker/IconNPCCircle30081.png"	1	30081	TRUE
"UI/Sprite/A1DynamicLoad/IconRoleCircle/UnPacker/IconNPCCircle30082.png"	1	30082	TRUE
"UI/Sprite/A1DynamicLoad/IconRoleCircle/UnPacker/IconNPCCircle30083.png"	1	30083	TRUE
"UI/Sprite/A1DynamicLoad/IconRoleCircle/UnPacker/IconNPCCircle30084.png"	1	30084	TRUE
"UI/Sprite/A1DynamicLoad/IconRoleCircle/UnPacker/IconNPCCircle30085.png"	1	30085	TRUE
"UI/Sprite/A1DynamicLoad/IconRoleCircle/UnPacker/IconNPCCircle30089.png"	1	30089	TRUE
"UI/Sprite/A1DynamicLoad/IconRoleCircle/UnPacker/IconNPCCircle30104.png"	1	30104	TRUE
"UI/Sprite/A1DynamicLoad/IconRoleCircle/UnPacker/IconNPCCircle30105.png"	1	30105	TRUE
"UI/Sprite/A1DynamicLoad/IconRoleCircle/UnPacker/IconNPCCircle30106.png"	1	30106	TRUE
"UI/Sprite/A1DynamicLoad/IconRoleCircle/UnPacker/IconNPCCircle30107.png"	1	30107	TRUE
"UI/Sprite/A1DynamicLoad/IconRoleCircle/UnPacker/IconNPCCircle30108.png"	1	30108	TRUE
"UI/Sprite/A1DynamicLoad/IconRoleCircle/UnPacker/IconNPCCircle30109.png"	1	30109	TRUE
"UI/Sprite/A1DynamicLoad/IconRoleCircle/UnPacker/IconNPCCircle30110.png"	1	30110	TRUE
"UI/Sprite/A1DynamicLoad/IconRoleCircle/UnPacker/IconNPCCircle30111.png"	1	30111	TRUE
"UI/Sprite/A1DynamicLoad/IconRoleCircle/UnPacker/IconNPCCircle30113.png"	1	30113	TRUE
"UI/Sprite/A1DynamicLoad/IconRoleCircle/UnPacker/IconNPCCircle30115.png"	1	30115	TRUE
"UI/Sprite/A1DynamicLoad/IconRoleCircle/UnPacker/IconNPCCircle30116.png"	1	30116	TRUE
"UI/Sprite/A1DynamicLoad/IconRoleCircle/UnPacker/IconNPCCircle30117.png"	1	30117	TRUE
"UI/Sprite/A1DynamicLoad/IconRoleCircle/UnPacker/IconNPCCircle30118.png"	1	30118	TRUE
"UI/Sprite/A1DynamicLoad/IconRoleCircle/UnPacker/IconNPCCircle30119.png"	1	30119	TRUE
"UI/Sprite/A1DynamicLoad/IconRoleCircle/UnPacker/IconNPCCircle30125.png"	1	30125	TRUE
"UI/Sprite/A1DynamicLoad/IconRoleCircle/UnPacker/IconNPCCircle30131.png"	1	30131	TRUE
"UI/Sprite/A1DynamicLoad/IconRoleCircle/UnPacker/IconNPCCircle30132.png"	1	30132	TRUE
"UI/Sprite/A1DynamicLoad/IconRoleCircle/UnPacker/IconNPCCircle30133.png"	1	30133	TRUE
"UI/Sprite/A1DynamicLoad/IconRoleCircle/UnPacker/IconNPCCircle30134.png"	1	30134	TRUE
"UI/Sprite/A1DynamicLoad/IconRoleCircle/UnPacker/IconNPCCircle30135.png"	1	30135	TRUE
"UI/Sprite/A1DynamicLoad/IconRoleCircle/UnPacker/IconNPCCircle30136.png"	1	30136	TRUE
"UI/Sprite/A1DynamicLoad/IconRoleCircle/UnPacker/IconNPCCircle30137.png"	1	30137	TRUE
"UI/Sprite/A1DynamicLoad/IconRoleCircle/UnPacker/IconNPCCircle30138.png"	1	30138	TRUE
"UI/Sprite/A1DynamicLoad/IconRoleCircle/UnPacker/IconNPCCircle30139.png"	1	30139	TRUE
"UI/Sprite/A1DynamicLoad/IconRoleCircle/UnPacker/IconNPCCircle30143.png"	1	30143	TRUE
"UI/Sprite/A1DynamicLoad/IconRoleCircle/UnPacker/IconNPCCircle30144.png"	1	30144	TRUE
"UI/Sprite/A1DynamicLoad/IconRoleCircle/UnPacker/IconNPCCircle30148.png"	1	30148	TRUE
"UI/Sprite/A1DynamicLoad/IconRoleCircle/UnPacker/IconNPCCircle30150.png"	1	30150	TRUE
"UI/Sprite/A1DynamicLoad/IconRoleCircle/UnPacker/IconNPCCircle30151.png"	1	30151	TRUE
"UI/Sprite/A1DynamicLoad/IconRoleCircle/UnPacker/IconNPCCircle30152.png"	1	30152	TRUE
"UI/Sprite/A1DynamicLoad/IconRoleCircle/UnPacker/IconNPCCircle30191.png"	1	30168	TRUE
"UI/Sprite/A1DynamicLoad/IconRoleCircle/UnPacker/IconNPCCircle30175.png"	1	30175	TRUE
"UI/Sprite/A1DynamicLoad/IconRoleCircle/UnPacker/IconNPCCircle30186.png"	1	30186	TRUE
"Assets/NapResources/UI/Sprite/A1DynamicLoad/IconRoleCircle/UnPacker/IconRoleCircle48.png"	1	30187	TRUE
"Assets/NapResources/UI/Sprite/A1DynamicLoad/IconRoleCircle/UnPacker/IconRoleCircle49.png"	1	30188	TRUE
"UI/Sprite/A1DynamicLoad/IconRoleCircle/UnPacker/IconNPCCircle30101.png"	1	53001	TRUE
"UI/Sprite/A1DynamicLoad/IconRoleCircle/UnPacker/IconNPCCircle30069.png"	1	53002	TRUE
"UI/Sprite/A1DynamicLoad/IconRoleCircle/UnPacker/IconNPCCircle30068.png"	1	53003	TRUE
"UI/Sprite/A1DynamicLoad/IconRoleCircle/UnPacker/IconNPCCircle30071.png"	1	53004	TRUE
"UI/Sprite/A1DynamicLoad/IconRoleCircle/UnPacker/IconNPCCircle30074.png"	1	53005	TRUE
"UI/Sprite/A1DynamicLoad/IconRoleCircle/UnPacker/IconNPCCircle30075.png"	1	53006	TRUE
"UI/Sprite/A1DynamicLoad/IconRoleCircle/UnPacker/IconNPCCircle30098.png"	1	53007	TRUE
"UI/Sprite/A1DynamicLoad/IconRoleCircle/UnPacker/IconNPCCircle30097.png"	1	53008	TRUE
"UI/Sprite/A1DynamicLoad/IconRoleCircle/UnPacker/IconNPCCircle30093.png"	1	53009	TRUE
"UI/Sprite/A1DynamicLoad/IconRoleCircle/UnPacker/IconNPCCircle30091.png"	1	53010	TRUE
"UI/Sprite/A1DynamicLoad/IconRoleCircle/UnPacker/IconNPCCircle30069.png"	1	53011	TRUE
"UI/Sprite/A1DynamicLoad/IconRoleCircle/UnPacker/IconNPCCircle30092.png"	1	53012	TRUE
"UI/Sprite/A1DynamicLoad/IconRoleCircle/UnPacker/IconNPCCircle30140.png"	1	53013	TRUE
"UI/Sprite/A1DynamicLoad/IconRoleCircle/UnPacker/IconNPCCircle30184.png"	1	53014	TRUE
"UI/Sprite/A1DynamicLoad/IconRoleCircle/UnPacker/IconNPCCircle30159.png"	1	53015	TRUE
"UI/Sprite/A1DynamicLoad/IconRoleCircle/UnPacker/IconNPCCircle30213.png"	1	53016	TRUE
"UI/Sprite/A1DynamicLoad/IconRoleCircle/UnPacker/IconNPCCircle30153.png"	1	53017	TRUE
"UI/Sprite/A1DynamicLoad/IconRoleCircle/UnPacker/IconNPCCircle30070.png"	1	54001	TRUE
"UI/Sprite/A1DynamicLoad/IconRoleCircle/UnPacker/IconNPCCircle30019.png"	1	54002	TRUE
"UI/Sprite/A1DynamicLoad/IconRoleCircle/UnPacker/IconNPCCircle30076.png"	1	54003	TRUE
"UI/Sprite/A1DynamicLoad/IconRoleCircle/UnPacker/IconNPCCircle30073.png"	1	54004	TRUE
"UI/Sprite/A1DynamicLoad/IconRoleCircle/UnPacker/IconNPCCircle30077.png"	1	54005	TRUE
"UI/Sprite/A1DynamicLoad/IconRoleCircle/UnPacker/IconNPCCircle30099.png"	1	54006	TRUE
"UI/Sprite/A1DynamicLoad/IconRoleCircle/UnPacker/IconNPCCircle30087.png"	1	54008	TRUE
"UI/Sprite/A1DynamicLoad/IconRoleCircle/UnPacker/IconNPCCircle30096.png"	1	54009	TRUE
"UI/Sprite/A1DynamicLoad/IconRoleCircle/UnPacker/IconNPCCircle30090.png"	1	54010	TRUE
"UI/Sprite/A1DynamicLoad/IconRoleCircle/UnPacker/IconNPCCircle30114.png"	1	54011	TRUE
"UI/Sprite/A1DynamicLoad/IconRoleCircle/UnPacker/IconNPCCircle30086.png"	1	54012	TRUE
"UI/Sprite/A1DynamicLoad/IconRoleCircle/UnPacker/IconNPCCircle30124.png"	1	54013	TRUE
"UI/Sprite/A1DynamicLoad/IconRoleCircle/UnPacker/IconNPCCircle30088.png"	1	54014	TRUE
"UI/Sprite/A1DynamicLoad/Message/UnPacker/IconRole/IconMessageRoleCircle23.png"	1	54015	TRUE
"UI/Sprite/A1DynamicLoad/IconRoleCircle/UnPacker/IconNPCCircle30178.png"	1	54016	TRUE
"Assets/NapResources/UI/Sprite/A1DynamicLoad/IconRoleCircle/UnPacker/IconNPCCircle30111.png"	1	54017	TRUE
"Assets/NapResources/UI/Sprite/A1DynamicLoad/IconRoleCircle/UnPacker/IconNPCCircle30193.png"	1	54018	TRUE
"Assets/NapResources/UI/Sprite/A1DynamicLoad/IconRoleCircle/UnPacker/IconNPCCircle30211.png"	1	54019	TRUE
"UI/Sprite/A1DynamicLoad/InterKnot/UnPacker/IconInterknotAvatar/IconInterKnotRole0001.png"	1	101011	TRUE
"UI/Sprite/A1DynamicLoad/InterKnot/UnPacker/IconInterknotAvatar/IconInterKnotRole0011.png"	1	101021	TRUE
"UI/Sprite/A1DynamicLoad/InterKnot/UnPacker/IconInterknotAvatar/IconInterKnotRole0012.png"	1	101031	TRUE
"UI/Sprite/A1DynamicLoad/InterKnot/UnPacker/IconInterknotAvatar/IconInterKnotRole0010.png"	1	101081	TRUE
"UI/Sprite/A1DynamicLoad/IconRoleCircle/UnPacker/IconRoleCircle05.png"	1	104101	TRUE
"UI/Sprite/A1DynamicLoad/IconRoleCircle/UnPacker/IconRoleCircle05.png"	2	104102	TRUE
"UI/Sprite/A1DynamicLoad/InterKnot/UnPacker/IconInterknotAvatar/IconInterKnotRole0014.png"	1	121101	TRUE
"UI/Sprite/A1DynamicLoad/InterKnot/UnPacker/IconInterknotAvatar/IconInterKnotRole0015.png"	1	121111	TRUE
"UI/Sprite/A1DynamicLoad/InterKnot/UnPacker/IconInterknotAvatar/IconInterKnotRole0016.png"	1	121121	TRUE
"UI/Sprite/A1DynamicLoad/InterKnot/UnPacker/IconInterknotAvatar/IconInterKnotRole0020.png"	1	121181	TRUE
"none.png"	99	122802	TRUE
"none.png"	99	124101	TRUE
"UI/Sprite/A1DynamicLoad/InterKnot/UnPacker/IconInterknotAvatar/IconInterKnotRole0009.png"	1	131061	TRUE
"UI/Sprite/A1DynamicLoad/InterKnot/UnPacker/IconInterknotAvatar/IconInterKnotRole0018.png"	1	131141	TRUE
"UI/Sprite/A1DynamicLoad/InterKnot/UnPacker/IconInterknotAvatar/IconInterKnotRole0021.png"	1	131191	TRUE
"UI/Sprite/A1DynamicLoad/InterKnot/UnPacker/IconInterknotAvatar/IconInterKnotRole0022.png"	1	131211	TRUE
"UI/Sprite/A1DynamicLoad/InterKnot/UnPacker/IconInterknotAvatar/IconInterKnotRole0005.png"	1	141041	TRUE
"UI/Sprite/A1DynamicLoad/InterKnot/UnPacker/IconInterknotAvatar/IconInterKnotRole0039.png"	1	141361	TRUE
"UI/Sprite/A1DynamicLoad/InterKnot/UnPacker/IconInterknotAvatar/IconInterKnotRole0023.png"	1	151241	TRUE
"UI/Sprite/A1DynamicLoad/InterKnot/UnPacker/IconInterknotAvatar/IconInterKnotRole0029.png"	1	151251	TRUE
"UI/Sprite/A1DynamicLoad/InterKnot/UnPacker/IconInterknotAvatar/IconInterKnotRole0024.png"	1	151261	TRUE
"UI/Sprite/A1DynamicLoad/InterKnot/UnPacker/IconInterknotAvatar/IconInterKnotRole0030.png"	1	151271	TRUE
"UI/Sprite/A1DynamicLoad/InterKnot/UnPacker/IconInterknotAvatar/IconInterKnotRole0025.png"	1	161071	TRUE
"UI/Sprite/A1DynamicLoad/InterKnot/UnPacker/IconInterknotAvatar/IconInterKnotRole0027.png"	1	161151	TRUE
"UI/Sprite/A1DynamicLoad/InterKnot/UnPacker/IconInterknotAvatar/IconInterKnotRole0026.png"	1	161161	TRUE
"UI/Sprite/A1DynamicLoad/InterKnot/UnPacker/IconInterknotAvatar/IconInterKnotRole0032.png"	1	161171	TRUE
"UI/Sprite/A1DynamicLoad/InterKnot/UnPacker/IconInterknotAvatar/IconInterKnotRole0028.png"	1	161281	TRUE
"UI/Sprite/A1DynamicLoad/InterKnot/UnPacker/IconInterknotAvatar/IconInterKnotRole0038.png"	1	161351	TRUE
"UI/Sprite/A1DynamicLoad/InterKnot/UnPacker/IconInterknotAvatar/IconInterKnotRole0013.png"	1	171091	TRUE
"UI/Sprite/A1DynamicLoad/InterKnot/UnPacker/IconInterknotAvatar/IconInterKnotRole0017.png"	1	171131	TRUE
"UI/Sprite/A1DynamicLoad/InterKnot/UnPacker/IconInterknotAvatar/IconInterKnotRole0035.png"	1	171201	TRUE
"UI/Sprite/A1DynamicLoad/InterKnot/UnPacker/IconInterknotAvatar/IconInterKnotRole0031.png"	1	171221	TRUE
"UI/Sprite/A1DynamicLoad/InterKnot/UnPacker/IconInterknotAvatar/IconInterKnotRole0036.png"	1	181311	TRUE
"UI/Sprite/A1DynamicLoad/InterKnot/UnPacker/IconInterknotAvatar/IconInterKnotRole0037.png"	1	181321	TRUE
"UI/Sprite/A1DynamicLoad/InterKnot/UnPacker/IconInterknotAvatar/IconInterKnotRole0043.png"	1	201391	TRUE
"UI/Sprite/A1DynamicLoad/IconRoleCircle/UnPacker/IconNPCCircle30095.png"	1	540141	TRUE
"UI/Sprite/A1DynamicLoad/IconRoleCircle/UnPacker/IconNPCCircle30170.png"	1	540151	TRUE
"UI/Sprite/A1DynamicLoad/IconRoleCircle/UnPacker/IconNPCCircle30177.png"	1	540161	TRUE
"UI/Sprite/A1DynamicLoad/IconRoleCircle/UnPacker/IconNPCCircle30186.png"	1	540171	TRUE
"UI/Sprite/A1DynamicLoad/IconRoleCircle/UnPacker/IconNPCCircle30200.png"	1	540181	TRUE
"UI/Sprite/A1DynamicLoad/ItemIconWeaponBig/UnPacker/Weapon_S_Common_01Big.png"	1	614002	TRUE
"UI/Sprite/A1DynamicLoad/IconRoleCircle/UnPacker/IconNPCCircle30044.png"	1	1010201	TRUE
"UI/Sprite/A1DynamicLoad/IconRoleCircle/UnPacker/IconNPCCircle30044.png"	1	1010202	TRUE
"UI/Sprite/A1DynamicLoad/IconRoleCircle/UnPacker/IconNPCCircle30044.png"	1	1010203	TRUE
"UI/Sprite/A1DynamicLoad/IconRoleCircle/UnPacker/IconNPCCircle30118.png"	1	1025101	TRUE
"UI/Sprite/A1DynamicLoad/IconRoleCircle/UnPacker/IconNPCCircle30050.png"	1	1025102	TRUE
"UI/Sprite/A1DynamicLoad/IconRoleCircle/UnPacker/IconNPCCircle30050.png"	1	1025103	TRUE
"UI/Sprite/A1DynamicLoad/IconRoleCircle/UnPacker/IconNPCCircle30050.png"	1	1025104	TRUE
"UI/Sprite/A1DynamicLoad/IconRoleCircle/UnPacker/IconNPCCircle30119.png"	1	1025105	TRUE
"none.png"	99	1030401	TRUE
"none.png"	99	1030402	TRUE
"none.png"	99	1030403	TRUE
"UI/Sprite/A1DynamicLoad/IconRoleCircle/UnPacker/IconNPCCircle11162.png"	1	1030501	TRUE
"UI/Sprite/A1DynamicLoad/IconRoleCircle/UnPacker/IconNPCCircle11162.png"	1	1030502	TRUE
"UI/Sprite/A1DynamicLoad/IconRoleCircle/UnPacker/IconNPCCircle30145.png"	1	1040101	TRUE
"UI/Sprite/A1DynamicLoad/IconNewsBubbleSmall/UnPacker/IconVoiceOnly3.png"	1	1040102	TRUE
"UI/Sprite/A1DynamicLoad/IconNewsBubbleSmall/UnPacker/IconVoiceOnly3.png"	1	1040103	TRUE
"UI/Sprite/A1DynamicLoad/IconRoleCircle/UnPacker/IconNPCCircle30046.png"	1	1040104	TRUE
"UI/Sprite/A1DynamicLoad/IconRoleCircle/UnPacker/IconNPCCircle30119.png"	1	1040105	TRUE
"UI/Sprite/A1DynamicLoad/IconRoleCircle/UnPacker/IconNPCCircle30146.png"	1	1040201	TRUE
"UI/Sprite/A1DynamicLoad/IconNewsBubbleSmall/UnPacker/IconVoiceOnly1.png"	1	1040202	TRUE
"UI/Sprite/A1DynamicLoad/IconRoleCircle/UnPacker/IconNPCCircle30141.png"	1	1040301	TRUE
"UI/Sprite/A1DynamicLoad/IconRoleCircle/UnPacker/IconNPCCircle30003.png"	1	1040302	TRUE
"UI/Sprite/A1DynamicLoad/IconRoleCircle/UnPacker/IconNPCCircle30147.png"	1	1040401	TRUE
"UI/Sprite/A1DynamicLoad/IconNewsBubbleSmall/UnPacker/IconVoiceOnly1.png"	1	1040402	TRUE
"UI/Sprite/A1DynamicLoad/IconRoleCircle/UnPacker/IconNPCCircle30097.png"	1	1042900	TRUE
"UI/Sprite/A1DynamicLoad/IconRoleCircle/UnPacker/IconNPCCircle30140.png"	1	1042901	TRUE
"UI/Sprite/A1DynamicLoad/IconRoleCircle/UnPacker/IconNPCCircle30149.png"	1	1042902	TRUE
"UI/Sprite/A1DynamicLoad/IconRoleCircle/UnPacker/IconNPCCircle30157.png"	1	1042903	TRUE
"UI/Sprite/A1DynamicLoad/IconRoleCircle/UnPacker/IconNPCCircle30046.png"	1	1042904	TRUE
"UI/Sprite/A1DynamicLoad/IconRoleCircle/UnPacker/IconNPCCircle30118.png"	1	1042905	TRUE
"UI/Sprite/A1DynamicLoad/IconRoleCircle/UnPacker/IconNPCCircle30171.png"	1	1042906	TRUE
"UI/Sprite/A1DynamicLoad/IconRoleCircle/UnPacker/IconNPCCircle30171.png"	1	1042907	TRUE
"UI/Sprite/A1DynamicLoad/IconRoleCircle/UnPacker/IconNPCCircle2094.png"	1	1042908	TRUE
"UI/Sprite/A1DynamicLoad/IconRoleCircle/UnPacker/IconNPCCircle30194.png"	1	1042909	TRUE
"UI/Sprite/A1DynamicLoad/IconRoleCircle/UnPacker/IconNPCCircle11162.png"	1	1050201	TRUE
"UI/Sprite/A1DynamicLoad/IconRoleCircle/UnPacker/IconNPCCircle30168.png"	1	1050202	TRUE
"UI/Sprite/A1DynamicLoad/IconRoleCircle/UnPacker/IconNPCCircle30169.png"	1	1050203	TRUE
"UI/Sprite/A1DynamicLoad/IconRoleCircle/UnPacker/IconNPCCircle30208.png"	1	1050204	TRUE
"UI/Sprite/A1DynamicLoad/IconRoleCircle/UnPacker/IconNPCCircle30207.png"	1	1050205	TRUE
"UI/Sprite/A1DynamicLoad/IconRoleCircle/UnPacker/IconNPCCircle30206.png"	1	1050206	TRUE
"UI/Sprite/A1DynamicLoad/IconRoleCircle/UnPacker/IconNPCCircle30209.png"	1	1050207	TRUE
"UI/Sprite/A1DynamicLoad/IconNewsBubbleSmall/UnPacker/IconVoiceOnly2.png"	1	1050301	TRUE
"UI/Sprite/A1DynamicLoad/IconNewsBubbleSmall/UnPacker/IconVoiceOnly2.png"	1	1050302	TRUE
"UI/Sprite/A1DynamicLoad/IconNewsBubbleSmall/UnPacker/IconVoiceOnly2.png"	1	1050303	TRUE
"UI/Sprite/A1DynamicLoad/IconNewsBubbleSmall/UnPacker/IconVoiceOnly2.png"	1	1050304	TRUE
"UI/Sprite/A1DynamicLoad/IconNewsBubbleSmall/UnPacker/IconVoiceOnly2.png"	1	1050305	TRUE
"UI/Sprite/A1DynamicLoad/IconNewsBubbleSmall/UnPacker/IconVoiceOnly3.png"	1	1982101	TRUE
"UI/Sprite/A1DynamicLoad/IconNewsBubbleSmall/UnPacker/IconVoiceOnly3.png"	1	1982102	TRUE
"UI/Sprite/A1DynamicLoad/IconNewsBubbleSmall/UnPacker/IconVoiceOnly3.png"	1	1982103	TRUE
"UI/Sprite/A1DynamicLoad/IconRoleCircle/UnPacker/IconNPCCircle30163.png"	1	1982501	TRUE
"UI/Sprite/A1DynamicLoad/IconRoleCircle/UnPacker/IconNPCCircle30089.png"	1	3008901	TRUE
"UI/Sprite/A1DynamicLoad/IconNewsBubbleSmall/UnPacker/IconVoiceOnly3.png"	1	3010101	TRUE
"UI/Sprite/A1DynamicLoad/IconNewsBubbleSmall/UnPacker/IconVoiceOnly2.png"	1	3010102	TRUE
"UI/Sprite/A1DynamicLoad/Message/UnPacker/IconRole/IconMessageRoleCircle04.png"	1	9990001	TRUE
"UI/Sprite/A1DynamicLoad/InterKnot/UnPacker/IconInterknotAvatar/IconInterKnot0001.png"	1	9990002	TRUE
"UI/Sprite/A1DynamicLoad/InterKnot/UnPacker/IconInterknotAvatar/IconInterKnot0002.png"	1	9990003	TRUE
"UI/Sprite/A1DynamicLoad/IconNewsBubbleSmall/UnPacker/IconVoiceOnly1.png"	1	10080201	TRUE
"UI/Sprite/A1DynamicLoad/IconNewsBubbleSmall/UnPacker/IconVoiceOnly1.png"	1	10080202	TRUE
"UI/Sprite/A1DynamicLoad/IconNewsBubbleSmall/UnPacker/IconVoiceOnly1.png"	1	10080203	TRUE
"UI/Sprite/A1DynamicLoad/IconNewsBubbleSmall/UnPacker/IconVoiceOnly1.png"	1	10080204	TRUE
"UI/Sprite/A1DynamicLoad/IconNewsBubbleSmall/UnPacker/IconVoiceOnly1.png"	1	10080205	TRUE
""	0	20000001	TRUE
""	0	20000002	TRUE
""	0	20000003	TRUE
""	0	20000004	TRUE
""	0	20000005	TRUE
""	0	20000006	TRUE
""	0	20000007	TRUE
""	0	20000008	TRUE
""	0	20000009	TRUE
""	0	20000010	TRUE
""	0	20000011	TRUE
""	0	20000012	TRUE
""	0	20000013	TRUE
""	0	20000014	TRUE
""	0	20000015	TRUE
""	0	20000016	TRUE
""	0	20000017	TRUE
""	0	20000018	TRUE
""	0	20000019	TRUE
""	0	20000020	TRUE
""	0	20000021	TRUE
""	0	20000022	TRUE
""	0	20000023	TRUE
""	0	20000024	TRUE
""	0	20000025	TRUE
""	0	20000026	TRUE
""	0	20000027	TRUE
""	0	20000028	TRUE
""	0	20000029	TRUE
""	0	20000030	TRUE
""	0	20000031	TRUE
""	0	20000032	TRUE
""	0	20000033	TRUE
""	0	20000034	TRUE
""	0	20000035	TRUE
""	0	20000036	TRUE
""	0	20000037	TRUE
""	0	20000038	TRUE
""	0	20000039	TRUE
""	0	20000040	TRUE
""	0	20000041	TRUE
""	0	20000042	TRUE
""	0	20000043	TRUE
""	0	20000044	TRUE
""	0	20000045	TRUE
""	0	20000046	TRUE
""	0	20000047	TRUE
""	0	20000048	TRUE
""	0	20000049	TRUE
""	0	20000050	TRUE
""	0	20000051	TRUE
""	0	20000052	TRUE
""	0	20000053	TRUE
""	0	20000054	TRUE
""	0	20000055	TRUE
""	0	20000056	TRUE
""	0	20000057	TRUE
""	0	20000058	TRUE
""	0	20000059	TRUE
""	0	20000060	TRUE
""	0	20000061	TRUE
""	0	20000062	TRUE
""	0	20000063	TRUE
""	0	20000064	TRUE
""	0	20000065	TRUE
""	0	20000066	TRUE
""	0	20000067	TRUE
""	0	20000068	TRUE
""	0	20000069	TRUE
""	0	20000070	TRUE
""	0	20000071	TRUE
""	0	20000072	TRUE
""	0	20000073	TRUE
""	0	20000074	TRUE
""	0	20000075	TRUE
""	0	20000076	TRUE
""	0	20000077	TRUE
""	0	20000078	TRUE
""	0	20000079	TRUE
""	0	20000080	TRUE
""	0	20000081	TRUE
""	0	20000082	TRUE
""	0	20000083	TRUE
""	0	20000084	TRUE
""	0	20000085	TRUE
""	0	20000086	TRUE
""	0	20000087	TRUE
""	0	20000088	TRUE
""	0	20000089	TRUE
""	0	20000090	TRUE
""	0	20000091	TRUE
""	0	20000092	TRUE
""	0	20000093	TRUE
""	0	20000094	TRUE
""	0	20000095	TRUE
""	0	20000096	TRUE
""	0	20000097	TRUE
""	0	20000098	TRUE
""	0	20000099	TRUE
""	0	20000100	TRUE
""	0	20000101	TRUE
""	0	20000102	TRUE
""	0	20000103	TRUE
""	0	20000104	TRUE
""	0	20000105	TRUE
""	0	20000106	TRUE
""	0	20000107	TRUE
""	0	20000108	TRUE
""	0	20000109	TRUE
""	0	20000110	TRUE
""	0	20000111	TRUE
""	0	20000112	TRUE
""	0	20000113	TRUE
""	0	20000114	TRUE
""	0	20000115	TRUE
""	0	20000116	TRUE
""	0	20000117	TRUE
""	0	20000118	TRUE
""	0	20000119	TRUE
""	0	20000120	TRUE
"Assets/NapResources/UI/Sprite/A1DynamicLoad/IconRoleCircle/UnPacker/IconRoleCircle48.png"	1	20000121	TRUE
"Assets/NapResources/UI/Sprite/A1DynamicLoad/IconRoleCircle/UnPacker/IconRoleCircle49.png"	1	20000122	TRUE
""	0	20000123	TRUE
""	0	20000124	TRUE
""	0	20000125	TRUE
""	0	20000126	TRUE
""	0	20000127	TRUE
""	0	20000128	TRUE
""	0	20000129	TRUE
""	0	20000130	TRUE
""	0	20000131	TRUE
""	0	20000132	TRUE
""	0	20000133	TRUE
""	0	20000134	TRUE
""	0	20000135	TRUE
""	0	20000136	TRUE
""	0	20000137	TRUE
""	0	20000138	TRUE
""	0	20000139	TRUE
